,,,,,,
,Референсы сайтов,,,,,
,,,,,,
,Сайт,Ссылка,Комментарий,збс каталог - распредели куда нибудь,https://topoptmsk.ru/?ref=https://tilda.cc/ru/madeontilda/#!/tab/562172697-4,
,,,,,,
,,,,,,
,Сила трех я ,https://mymarinacy.com/womencourse,,,,
,,https://mymarinacy.com/womencourse,,,,
,,https://zolotoroda.ru/,,,,
,,https://ulianamama.com/,,,опять себе ,
,,https://www.behance.net/gallery/147117125/biznes-klub-investicii-dizajn-lendinga?tracking_source=project_owner_other_projectss,,,https://www.kuzmichev.website/,
,,,,,https://yak-studio.ru/,
,,,,,https://ootatii.com/?ref=https://tilda.cc/ru/madeontilda/#menuopeneng,
,каталог для кроваток,https://sasacosmetics.ru/roller_guasha,,,https://nastseen.com/?ref=https://tilda.cc/ru/madeontilda/,
,,http://asticosmetics.by/banilaco,,,https://varlamova.space/services#reg,
,,https://bikkembergs.kz/,,,https://outsourcing.gen-marketing.ru/?ref=https://tilda.cc/ru/madeontilda/#saity,
,,https://rollis.su/kraft-paper-tape,очень крутой каталог клейких лент ,,https://mitts.pro/,
,,https://www.behance.net/gallery/147117125/biznes-klub-investicii-dizajn-lendinga?tracking_source=project_owner_other_projects,на главную блоки,,https://zhukovalex.ru/,
,,,,,https://dkdsgn.ru/,
,Антону по РБ,https://trenervdome.ru/#paket,,,https://spirina-web.tilda.ws/?ref=https://tilda.cc/ru/madeontilda/,
,,http://fitilife.tilda.ws/#rec238628414,,,https://pixel-perfect-layout.tilda.ws/?ref=https://tilda.cc/ru/madeontilda/,
,,http://elina-fitness.tilda.ws/#rec265656266,,,https://macdidenko.ru/?ref=https://tilda.cc/ru/madeontilda/,
,,,,,,
,Видеографам,https://www.behance.net/gallery/118959331/dizajn-lendinga-KL,,,,
,,,,,гранит и прочее ,https://med-inst.group/?ref=https://tilda.cc/ru/madeontilda/
,,,,,,https://malinovich.ru/?ref=https://tilda.cc/ru/madeontilda/
,,,,,,https://avtek-cable.ru/?ref=https://tilda.cc/ru/madeontilda/
,,,,,,https://vysotagroup.ru/?ref=https://tilda.cc/ru/madeontilda/
,,,,,,https://турбоселлер.рф/
,,,,,,https://osn.moscow/
,строительство домов,https://industry96.ru/,,,,https://teplo72.com/?ref=https://tilda.cc/ru/madeontilda/
,,,,,,
,майнинг фермы,https://cryptoreactor.ru/,,,Хэппи аба и детсады,https://unium.ru/ekb
,,https://minecool.ru/uslugi,,,,https://reforma-lab.com/unior-kurs
,,https://bitriver.farm/ru/,,,,https://online.unium.ru/
,,https://intelionmine.ru/mining-data-center,,,,https://maximumtest.ru/
,,,,,,https://deti.maximumtest.ru/?utm_source=corp-site#!/tab/714300680-3
,студия фитнеса,http://arnoa.ru/,,,,https://skysmart.ru/programmirovanie-dlya-detej?source_type=context&manager=programming&product=skysmart&utm_medium=master&utm_source=yandex&utm_campaign=skysmart_yandex_generic_run_shop_programming_ru_kids%7Ccpid-104998742&utm_content=15689238127&utm_term=ST:search%7CS:none%7CAP:no%7CPT:premium%7CP:3%7CDT:desktop%7CRI:54%7CCI:104998742%7CGI:5382752419%7CPI:49603270880%7CAI:15689238127%7CRT:49603270880%7CKW:---autotargeting%7CRN:Екатеринбург&etext=2202.rI7wj2Ks_bV_PLL-_YHHNqqktxjhQBQIsfGqFT3TbD2K1hiAcFxC6EX02loqkTPAZFQD1TZV4QNmZH3QXYcShnpqa2dmY2JnbnJzdWZvaGs.8a6331207b89a0a77afcfa39f0de40d7a9b98091&yclid=16924104461362397183#show2
,,https://bodyfitekb.ru/,,,,https://foxford.ru/levels/elementary
,,https://www.behance.net/gallery/122768209/odnostranichnik-dlja-studii-rastjazhki?tracking_source=search_projects_recommended%7Cлендинг%20фитнеса%20фитнес-студия,,,,https://umschool.net/
,,https://fly-z-one.ru/,,,,
,,https://www.behance.net/gallery/133669013/Landing-page-lending-dlja-fitnes-kluba?tracking_source=search_projects_recommended%7Cлендинг%20фитнеса%20фитнес-студия,,,Детсады,http://project8738585.tilda.ws/
,,https://westom.tilda.ws/?ref=https://tilda.cc/ru/madeontilda/#price,,,,https://qa.studio/
,,https://boomerservice.ru/#!/tab/333515154-2,,,,https://medup.pro/
,,,,,,https://vetworkshop.ru/vettherapypro
,,,,,,
,золото рода ,https://www.behance.net/gallery/133860595/Landing-page-for-marathon-on-stories?tracking_source=search_projects_recommended%7Cинфобизнес%20лендинг,,,,
,,https://www.behance.net/gallery/134923365/sajt-petr-osipov?tracking_source=search_projects_recommended%7Cинфобизнес%20лендинг,,,,
,,,,,,
,тело на миллион,http://elina-fitness.tilda.ws/#rec265656266,,,,
,,http://fitilife.tilda.ws/#rec238628414,,,,
,,https://botanovna-fit.ru/#oplata,,,,
,,https://lerchek.ru/,,,,
,,,,,,
,себе,https://languev.ru/,https://99slides.net/case_skyeng,https://mitts.pro,,
,,https://maxklimkov.ru/,https://verpovsky.ru/,,,
,личный психолога,,,,,
,,https://www.behance.net/gallery/112000833/sajt-dlja-psihologa?tracking_source=search_projects_recommended%7Cличный%20сайт,,,,
,,https://www.behance.net/gallery/121441257/mnogostranichnyj-sajt-psihologa?tracking_source=search_projects_recommended%7Cличный%20сайт,,,,
,,https://www.behance.net/gallery/118594957/lending-dlja-psihologa?tracking_source=search_projects_recommended%7Cличный%20сайт,,,,
,,https://www.behance.net/gallery/89052737/Psybest-lichnyj-blog-psihologa?tracking_source=search_projects_recommended%7Cличный%20сайт,,,,
,,,,,,
,,,,,,
,прост инфопродукт какой то ,https://www.behance.net/gallery/138513411/lending-dlja-zapuska-kursa-po-targetu?tracking_source=search_projects%7Cинфопродукт,,https://www.behance.net/gallery/147117125/biznes-klub-investicii-dizajn-lendinga?tracking_source=project_owner_other_projects,красивый бизнес клуб,
,,,,,,
,Психологический аудит,https://www.tinkoff.ru/,,https://reelsmentor.ru/20?utm_source=utm_source&utm_medium=inst&fbclid=PAAaa_8Hxm1aSJYJcT_EhLI0pLEVw1YEj7xwERiHZwDTnW0dPDB3JEPvzD8-Q,Дима Торгов ИИ сайт,
,,https://www.gazprombank.ru/,,,,
,,https://kontur.ru/sign,,,,
,,https://kontur.ru/compass,,,,
,,https://marketingjobs.ru/psysave-service-po-diagnostike-sotrudnikov#!/tab/458265186-4,,,,
,,https://psysave.ru/psysavepro,,,,
,,,,,,
,Видеографы Дубай,https://www.ferox.studio/,http://maksklenov.com/works,,,
,,https://studio.everypixel.com/ru/video/ga5?utm_medium=cpc&utm_source=google&utm_campaign=videoproduction_search_RF%7C72485642&utm_term=видео%20продакшн%20москва&utm_content=ad1_37354577645_37354577645%7Ccid%7C72485642%7Cgid%7C4863285938%7Caid%7C11911071513%7Cadp%7Cno%7Cpos%7Cother1%7Csrc%7Csearch_none%7Cdvc%7Cdesktop?utm_medium=cpc&utm_source=yandex&utm_campaign=videoproduction_search_rf%7C72485642&utm_term=видео%20продакшн%20москва&utm_content=37354577645_37354577645%7Ccid%7C72485642%7Cgid%7C4863285938%7Caid%7C11911071513%7Cadp%7Cno%7Cpos%7Cother1%7Csrc%7Csearch_none%7Cdvc%7Cdesktop&_openstat=ZGlyZWN0LnlhbmRleC5ydTs3MjQ4NTY0MjsxMTkxMTA3MTUxMzt5YW5kZXgucnU6Z3VhcmFudGVl&yclid=2155177469140795391,,https://neyroset.online/nejroset-logo/#zapros-neuronet-midjourney,команды миджерни,
,,https://www.vilkaservice.com/,,https://99slides.net/case_skyeng,презентации,
,,https://videoproduction-moskva.ru/,,,,
,,https://os-pro.ru/?utm_source=yandex&utm_medium=cpc&utm_campaign=Поиск_Мск_десктоп&utm_content=search&utm_term=видеопродакшн%20москва&_openstat=ZGlyZWN0LnlhbmRleC5ydTs3NTgxMTAzMzsxMjM1MzkyMzkzNjt5YW5kZXgucnU6cHJlbWl1bQ&yclid=11441429404527099903,,,,
,,https://mosvideo.org/?utm_source=yandex&utm_medium=cpc&utm_campaign=cid:80474643%7Ccn:ya_yas_mosvideo_conversion_spb&utm_term=ph:42016456280%7Ckw:видеопродакшн%20москва&utm_content=gid:5072481436%7Caid:13047960164%7Cpos:1%7Cpostype:premium&yagla=&roistat=direct1_search_13047960164_видеопродакшн%20москва&roistat_referrer=none&roistat_pos=premium_1&calltouch_tm=yd_c:80474643_gb:5072481436_ad:13047960164_ph:42016456280_st:search_pt:premium_p:1_s:none_dt:desktop_reg:54_ret:42016456280_apt:none&_openstat=ZGlyZWN0LnlhbmRleC5ydTs4MDQ3NDY0MzsxMzA0Nzk2MDE2NDt5YW5kZXgucnU6cHJlbWl1bQ&yclid=11665823916824461311,,,,
,,file:///C:/Users/Admin/Downloads/MoskvaProd_Presentation.pdf,,Видеоген правки ,https://videogen.pro/copy,
,,,,,https://docs.google.com/document/d/1Lbb0DYIuvCRYG6-ZOO7XgQJGKGmDyknMpG0yHJFe2TU/edit,
,NPc,https://docs.google.com/document/d/1dFYWZ_c3Xy0_owGHQrS0Uptqb4Kyf2DRY2k8bSU4Ix0/edit,,,https://ku-team.com/,
,,https://docs.google.com/document/d/1qdcUhebnfGPef8A8IqdAoWOeiXFDHhQCCKsripKnLEk/edit,,,https://blackartstudio.ru/,
,,https://drive.google.com/file/d/1hNq3KCi4a5gIiSf69UBcyJHv1ky_9XyJ/view,,,http://cv.rusakov.tilda.ws/#tlection=686257927_1,
,,https://docs.google.com/spreadsheets/d/1kxSIV7sTbJTKDa8esb_385cWrmGTjmdtcnJjt5Hxnc8/edit#gid=0,,,https://maksklenov.com/,
,,,,,https://www.ferox.studio/,
,Астрологиня хороший инфобиз,https://www.behance.net/gallery/164637311/Taplink-taplink-dlja-eksperta-sajt?tracking_source=project_owner_other_projects,,,https://yummies.ru/,
,,https://mmargosavchuk.ru/newtg#reg,,,https://kuraga.agency/trendovyy-smm/,
,,https://www.behance.net/gallery/164255197/Taplink-l-taplink-pod-zapusk-onlajn-kursa?tracking_source=search_projects%7Cтаплинк,,,https://www.figma.com/design/MGlJyC1lgvoy7SZmRCJYZR/Видеоген-сайт?node-id=0-1&t=U1oMPaioRiNt2GaJ-0,
,,,,,https://vostok-marketing.ru/vostokreels,
,Гранит аудит,https://rok.ooo/blog/granit-zheltau-5-polnyj-obzor-porody-iz-kazahstana/,,,https://nechaevstudio.ru/smm-prodvizhenie/reels,
,,https://lp.baltkz.ru/?ref=https://tilda.cc/ru/madeontilda/#next,,,https://impecco.ru/promotion-reels,
,,,,,,
,Глэмпинг Пашин,https://na-opushke.ru/moscow_sp/booking?utm_source=yandex&utm_medium=cpc&utm_campaign=78376119&utm_content=13584205403&utm_term=глэмпинг%20москва&_openstat=ZGlyZWN0LnlhbmRleC5ydTs3ODM3NjExOTsxMzU4NDIwNTQwMzt5YW5kZXgucnU6cHJlbWl1bQ&yclid=13287824406925279231#d=29-03-2023&mode=embed&page=calendar&sid=d9862df2e4d464d3b37ce6e79e2c4463,,,,
,,http://сила-леса.рф/,,,,
,,https://www.tvoi-pobeg.ru/chelyabinsk,,,,
,,https://hizhina-les.ru/,,,,
,,,,,,
,Инфобиз (вебинар Ульяне),https://www.behance.net/gallery/164255197/Taplink-l-taplink-pod-zapusk-onlajn-kursa?tracking_source=search_projects%7Cтаплинк,,,,
,,https://mmargosavchuk.ru/newtg#reg,,,,
,,https://www.behance.net/gallery/164637311/Taplink-taplink-dlja-eksperta-sajt?tracking_source=project_owner_other_projects,,,,
,,,,,,
,,https://www.behance.net/gallery/149397711/lending-dlja-kursa-po-obucheniju-SMM-Landing?tracking_source=project_owner_other_projects,,,,
,,https://olgakorobeynikova.com/pufr-int-alex?utm_source=yandex&utm_medium=cpc&utm_campaign=finrost_funnel_01&utm_term=lp_%7Bcampaign_id%7D_%7Bad_id%7D&utm_content=alex&_openstat=ZGlyZWN0LnlhbmRleC5ydTs4MDU3OTQ5NzsxMzA2Njk1MDcyMDt5YW5kZXgucnU6cHJlbWl1bQ&yclid=16572001032965193727,,,,
,,,,,,
,,,,,,
,Нейросети ,https://sabatovsky.com/aistart?utm_source=yandex&utm_medium=cpc&utm_campaign=artintelligence_yandex_site_poisk_rf%7C87114213%7C&utm_term=курс%20по%20нейронным%20сетям&utm_content=44563248606_44563248606%7Ccid%7C87114213%7Cgid%7C5186199677%7Caid%7C14055709002%7Cadp%7Cno%7Cpos%7Cpremium2%7Csrc%7Csearch_none%7Cdvc%7Cdesktop%7Crgnid%7C54%7Crgn%7CЕкатеринбург%7Cproduct%7Cfotostrana%7Caudience%7Cgeneral%7Cad_format%7Ctext&etext=2202.SimCBUrXMCPU8Iwu3V2IRsVWZGTXc60w1kNzU4Sg2fDG9If8V4YyBTq95x7I-IgHbnNtcmZuaW90c2xxcGZtaQ.32469020052ffeacdbb4daf42e8bd38fa8dcd0ee&_openstat=ZGlyZWN0LnlhbmRleC5ydTs4NzExNDIxMzsxNDA1NTcwOTAwMjt5YW5kZXgucnU6cHJlbWl1bQ&yclid=2702616146157574271,,,,
,,https://gneuro.ru/coursebiz,,,,
,,,,,,
,,,,,,
,Интернет магазин Мави,ютуб по магазину,https://www.youtube.com/watch?v=Y8kXSJAiRPA,справа классный интернет магазин (сантехника),https://domforu.ru/,
,,https://askawear.ru/,,,,
,,https://art-pin.ru/catalog/furnitura/tproduct/375288557-348741611821-konnektor,,,,
,,https://12storeez.com/catalog/plata/sarafan-summer-night-iz-sita-114917?utm_referrer=https%3A%2F%2F12storeez.com%2Fcatalog%2Fplata%2Fsarafan-summer-night-iz-sita-114917,,,,
,,https://liliumboutique.com/,,,,
,,https://lovesaturday.shop/,,,,
,,https://zamihome.ru/,,,,
,,https://www.bythemod.ru/,,,,
,,https://katyaerokhina.ru/,,,,
,,https://monochrome.ru/,,,,
,,https://www.2moodstore.com/,,,,
,,https://calista.ru/,,,,
,,https://www.charuel.ru/,,,,
,,https://dadaknit.ru/,,,,
,,https://freeage.shop/,,,,
,,https://chaperone-home.ru/,,,,
,,https://insidewear.ru/catalog/tproduct/520021742-552674351941-sviter-navyazannaya-moda-muzhskoi,,,,
,,https://elastic-store.com/tproduct/187355511-406422025671-hudi-knit-oversize,,,,
,,https://lave-official.ru/?ref=https://tilda.cc/ru/madeontilda/,,,,
,,http://mialine.ru/,,,,
,,,,,,
,Флис Шеллис,https://creastele.ru/,,,,
,,https://nanotex.pro/?ref=https://tilda.cc/ru/madeontilda/#open,,,,
,,https://constanta-agency.ru/,,,,
,,https://ourhands.pro/,,,,
,,https://icitymoscow.com/,,,,
,,https://preflex.ru/?ref=https://tilda.cc/ru/madeontilda/,,,,
,,https://lp.baltkz.ru/,,,,
,,https://berlogalounge.ru/?ref=https://tilda.cc/ru/madeontilda/,,,,
,,https://vizzy.by/?ref=https://tilda.cc/ru/madeontilda/,,,,
,,https://www.moscowstars.ru/?ref=https://tilda.cc/ru/madeontilda/,,,,
,,,,,,
,,,,,,
,,,,,,
,Рассортировать надо ,https://karniz-onviz.ru/optom/#!/tab/572308590-2,,,,
,,https://www.softlab.ru/,,,,
,,https://r-style.softlab.ru/,,,,
,,https://tochka.com/rko/network/?referer1=yandex_network_russia_search&utm_source=yandex&utm_medium=cpc&utm_campaign=network_search&utm_term=бизнес%20форум&utm_content=cid%7C77695986%7Cgid%7C5004732499%7Caid%7C12638832742%7Csrc%7Csearch%7Cplc%7Cnone%7Cdvc%7Cdesktop%7Creg%7CРевда&yclid=8285734294527934463,,,,
,,https://iv-clinic.tilda.ws/?ref=https://tilda.cc/ru/madeontilda/,,,,
,,https://zapoi-net.ru/?ref=https://tilda.cc/ru/madeontilda/,,,,
,,https://yandex.ru/project/events/tekhnologii-prodaj-kzn?utm_source=yandex&utm_medium=cpc&utm_campaign=fmt_tgbcmp_conf-kzn-05092023&utm_content=cid_94214111%7Cgbid_5268534496%7Caid_14868383508%7Cadp_no%7Cpos_none0%7Csrc_context_mail.ru%7Cdvc_desktop%7Crtg_53483626&utm_term=&yclid=5153509425110903152,,,,
,,https://neyroport.ru/,,,,
,,https://433studio.ru/?ref=https://tilda.cc/ru/madeontilda/,,,,
,,https://iu.education/olympiad?ref=https://tilda.cc/ru/madeontilda/,,,,
,,,,,,
,Курсы укладки,https://kamenskaya.school/#rec383673825,https://www.youtube.com/watch?v=wubXOSYLBlk,,,
,,https://lashsecrets.co.uk/#popup:currencyeur,,,,
,,https://mishkabeautylab.ru/mishka_beauty_school,,,,
,,https://krisandresstyle.ru/?ref=https://tilda.cc/ru/madeontilda/,,,,
,,https://mamasout.ru/?ref=https://tilda.cc/ru/madeontilda/,,,,
,,https://davaypotelu.com/?ref=https://tilda.cc/ru/madeontilda/,,,,
,,,,,,
,Рома сайт ведущего,https://skduna.ru/?ref=https://tilda.cc/ru/madeontilda/#form-3,,,,
,,https://digitstation.ru/?ref=https://tilda.cc/ru/madeontilda/,,,,
,,https://english.upschool.su/?ref=https://tilda.cc/ru/madeontilda/#tab1,,,,
,,https://smiletogo.ru/?tfc_storepartuid[760127036]=Музыкальные&tfc_div=:::&ref=https://tilda.cc/ru/madeontilda/,,,,
,,https://2youstudio.com/?ref=https://tilda.cc/ru/madeontilda/,,,,
,,https://socialandcats.com/?ref=https://tilda.cc/ru/madeontilda/#review-alena,,,,
,,https://online.synchronize.ru/subscription?ref=https%3A%2F%2Ftilda.cc%2Fru%2Fmadeontilda%2F#plan2,,,,
,,,,,,
,Space truck фудтрак,https://pitfire.ru/,,,,
,,https://www.steakhome.ru/catering_new/?utm_source=yandex&utm_medium=cpc&utm_campaign=catering_search&utm_content=15981281782&utm_term=moscow%20кейтеринг&etext=2202.hWO-Clqegy1-KeTNaFDtYQ_hWEOVhPAwbpPeTzVladR7-B-un0_whgij-X1l5se2QP_nYTs2swvQmciqCvnT72pzbGt1eXNndXB2emxtZG8.0a3d77cfdd54c1f11ef9617f82d6279dcd968e52&yclid=4914759781949112319,,,,
,,https://emilonline.ru/?ref=https://tilda.cc/ru/madeontilda/,курс танцы неплохой,,,
,,https://dance.doaflip.ru/?ref=https://tilda.cc/ru/madeontilda/,черно красный рваный сайт,,,
,,https://auztea.kz/?ref=https://tilda.cc/ru/madeontilda/,франшиза еда ,,,
,,https://kurgi-bar.ru/streetfood,,,,
,,https://steam-otradnoe.ru/?yclid=14762969336513036287,,,,